ASO,Inhibition rate,Sequence,Experiment
A06001H,0.015,GGCGCTGTGACTTG,EFO21
A06001H,0.051,GGCGCTGTGACTTG,SK0V3
A06002H,0.012,AGGCGCTGTGACTT,EFO21
A06002H,0.091,AGGCGCTGTGACTT,SK0V3
A06003H,0.369,ATGCGAAGAACACT,EFO21
A06003H,0.417,ATGCGAAGAACACT,SK0V3
A06004H,0.348,TATATGCGAAGAAC,EFO21
A06004H,0.402,TATATGCGAAGAAC,SK0V3
A06005H,0.08,ACTTAGTCACGATT,EFO21
A06005H,0.178,ACTTAGTCACGATT,SK0V3
A06006H,0.207,GCCATTCTTGTAGTC,EFO21
A06006H,0.547,GCCATTCTTGTAGTC,SK0V3
A06007H,0.067,GATTGTCCAGGAGTT,SK0V3
A06007H,0.108,GATTGTCCAGGAGTT,SK0V3
A06007H,0.006,GATTGTCCAGGAGTT,EFO21
A06007H,0.003,GATTGTCCAGGAGTT,EFO21
A06008H,0.105,CTCAACTCTTTCTCG,SK0V3
A06008H,0.019,CTCAACTCTTTCTCG,EFO21
A06008H,0.187,CTCAACTCTTTCTCG,SK0V3
A06009H,0.026,GGCGCTGTGACTTGT,SK0V3
A06009H,0.01,GGCGCTGTGACTTGT,EFO21
A06010H,0.261,TTGGCAAGACCTTAC,EFO21
A06010H,0.357,TTGGCAAGACCTTAC,SK0V3
A06011H,0.168,GTTGGCAGTAAGGAA,SK0V3
A06011H,0.0279999999999999,GTTGGCAGTAAGGAA,EFO21
A06012H,0.085,GACACAGTCTGCATA,EFO21
A06012H,0.262,GACACAGTCTGCATA,SK0V3
A06013HM,0.4429999999999999,GTCAGGGGCTTATTA,SK0V3
A06013HM,0.2,GTCAGGGGCTTATTA,EFO21
A06014H,0.541,GAGAACAAAACGTCC,EFO21
A06014H,0.609,GAGAACAAAACGTCC,SK0V3
A06015H,0.0579999999999999,AGTGTCCCGTTCTTG,EFO21
A06015H,0.054,AGTGTCCCGTTCTTG,SK0V3
A06016H,0.303,TATGCGAAGAACACT,EFO21
A06016H,0.307,TATGCGAAGAACACT,SK0V3
A06017H,0.777,AGGACGTCAAAGCAC,SK0V3
A06017H,0.5920000000000001,AGGACGTCAAAGCAC,EFO21
A06018H,0.266,GAGCTGGTGGCATAT,SK0V3
A06018H,0.078,GAGCTGGTGGCATAT,EFO21
A06019H,0.104,GAGCTGGTGGCATAT,EFO21
A06019H,0.308,GAGCTGGTGGCATAT,SK0V3
A06020H,0.185,GACAAACTCACGGAC,SK0V3
A06020H,0.061,GACAAACTCACGGAC,EFO21
A06021HM,0.061,GACAAACTCACGGAC,EFO21
A06021HM,0.149,GACAAACTCACGGAC,SK0V3
A06022HM,0.215,GACAAACTCACGGAC,SK0V3
A06022HM,0.073,GACAAACTCACGGAC,EFO21
A06023HM,0.406,TAAGCTTCCCGCAGG,EFO21
A06023HM,0.5920000000000001,TAAGCTTCCCGCAGG,SK0V3
A06024H,0.127,AGATGGTAGCTCCTC,EFO21
A06024H,0.369,AGATGGTAGCTCCTC,SK0V3
A06025H,0.143,GTACTTAGTCACGAT,SK0V3
A06025H,0.074,GTACTTAGTCACGAT,EFO21
A06026H,0.532,TGGCTTGCAGGAATC,SK0V3
A06026H,0.478,TGGCTTGCAGGAATC,EFO21
A06027H,0.095,GTCTTCAGAGGTCTT,EFO21
A06027H,0.251,GTCTTCAGAGGTCTT,SK0V3
A06028H,0.019,CTTGTAGTCTGCTCCT,EFO21
A06028H,0.072,CTTGTAGTCTGCTCCT,SK0V3
A06029H,0.005,GGCGCTGTGACTTGTG,EFO21
A06029H,0.037,GGCGCTGTGACTTGTG,SK0V3
A06030H,0.04,AGGCGCTGTGACTTGT,SK0V3
A06030H,0.002,AGGCGCTGTGACTTGT,EFO21
A06030H,0.063,AGGCGCTGTGACTTGT,SK0V3
A06030H,0.012,AGGCGCTGTGACTTGT,EFO21
A06031H,0.4529999999999999,GCAAGACCTTACGGAC,SK0V3
A06031H,0.132,GCAAGACCTTACGGAC,EFO21
A06032H,0.136,GTTGGCAGTAAGGAAC,EFO21
A06032H,0.402,GTTGGCAGTAAGGAAC,SK0V3
A06033H,0.261,GAGAACAAAACGTCCA,SK0V3
A06033H,0.15,GAGAACAAAACGTCCA,EFO21
A06034H,0.3779999999999999,CAGTCTCCATCACGAA,SK0V3
A06034H,0.102,CAGTCTCCATCACGAA,EFO21
A06035H,0.037,AGTGTCCCGTTCTTGC,EFO21
A06035H,0.0409999999999999,AGTGTCCCGTTCTTGC,SK0V3
A06035H,0.015,AGTGTCCCGTTCTTGC,EFO21
A06035H,0.054,AGTGTCCCGTTCTTGC,SK0V3
A06036H,0.659,AATATATGCGAAGAAC,SK0V3
A06036H,0.272,AATATATGCGAAGAAC,EFO21
A06037H,0.604,CAGGACGTCAAAGCAC,EFO21
A06037H,0.858,CAGGACGTCAAAGCAC,SK0V3
A06038H,0.246,TGAGCTGGTGGCATAT,SK0V3
A06038H,0.089,TGAGCTGGTGGCATAT,EFO21
A06039H,0.085,GACAAACTCACGGACT,EFO21
A06039H,0.248,GACAAACTCACGGACT,SK0V3
A06040HM,0.308,TTGCAGATGGTAGCTC,SK0V3
A06040HM,0.114,TTGCAGATGGTAGCTC,EFO21
A06041H,0.136,GAGGTCTTTTGTATTG,EFO21
A06041H,0.181,GAGGTCTTTTGTATTG,SK0V3
A06042H,0.066,ATTCTTGTAGTCTGCTC,EFO21
A06042H,0.292,ATTCTTGTAGTCTGCTC,SK0V3
A06043H,0.0139999999999999,CCAGACTCTATGAGATC,EFO21
A06043H,0.14,CCAGACTCTATGAGATC,SK0V3
A06044H,0.109,GAGATGATCAATGCTGA,SK0V3
A06044H,0.02,GAGATGATCAATGCTGA,EFO21
A06045H,0.008,AGGCGCTGTGACTTGTG,EFO21
A06045H,0.05,AGGCGCTGTGACTTGTG,SK0V3
A06046H,0.078,GGTGATGCATCCCAGAA,SK0V3
A06046H,0.02,GGTGATGCATCCCAGAA,EFO21
A06047H,0.086,GGCAAGACCTTACGGAC,EFO21
A06047H,0.405,GGCAAGACCTTACGGAC,SK0V3
A06048H,0.547,GTTGGCAGTAAGGAACA,EFO21
A06048H,0.789,GTTGGCAGTAAGGAACA,SK0V3
A06049H,0.755,ACAAAACGTCCATGTTC,EFO21
A06049H,0.89,ACAAAACGTCCATGTTC,SK0V3
A06050H,0.049,AGTGTCCCGTTCTTGCA,EFO21
A06050H,0.051,AGTGTCCCGTTCTTGCA,SK0V3
A06051H,0.263,GAACTGAGCAGCATGTC,EFO21
A06051H,0.607,GAACTGAGCAGCATGTC,SK0V3
A06052H,0.261,GAGCTGGTGGCATATAT,SK0V3
A06052H,0.127,GAGCTGGTGGCATATAT,EFO21
A06053H,0.124,GTTCCTGTGAGCTGGTG,EFO21
A06053H,0.3379999999999999,GTTCCTGTGAGCTGGTG,SK0V3
A06054H,0.063,AGGACAAACTCACGGAC,EFO21
A06054H,0.191,AGGACAAACTCACGGAC,SK0V3
A06055H,0.647,CCGCAGGCCAGCATCAC,EFO21
A06055H,1.091,CCGCAGGCCAGCATCAC,SK0V3
A06056H,0.255,TTGCAGATGGTAGCTCC,SK0V3
A06056H,0.1159999999999999,TTGCAGATGGTAGCTCC,EFO21
A06057H,0.004,GCGCTGTGACTTGT,EFO21
A06057H,0.154,GCGCTGTGACTTGT,SK0V3
A06058H,0.021,GCGCTGTGACTTGT,EFO21
A06058H,0.187,GCGCTGTGACTTGT,SK0V3
A06059H,0.015,GATTGTCCAGGAGTT,EFO21
A06059H,0.249,GATTGTCCAGGAGTT,SK0V3
A06060H,0.005,TGATTGTCCAGGAGT,EFO21
A06060H,0.12,TGATTGTCCAGGAGT,SK0V3
A06061H,0.259,CTCAACTCTTTCTCG,SK0V3
A06061H,0.016,CTCAACTCTTTCTCG,EFO21
A06062H,0.084,AGGCGCTGTGACTTG,SK0V3
A06062H,0.003,AGGCGCTGTGACTTG,EFO21
A06063H,0.139,GTGTCCCGTTCTTGC,SK0V3
A06063H,0.019,GTGTCCCGTTCTTGC,EFO21
A06064H,0.372,GATTGTCCAGGAGTTT,SK0V3
A06064H,0.026,GATTGTCCAGGAGTTT,EFO21
A06065H,0.122,TGATTGTCCAGGAGTT,SK0V3
A06065H,0.004,TGATTGTCCAGGAGTT,EFO21
A06066H,0.011,TCTCAACTCTTTCTCG,EFO21
A06066H,0.203,TCTCAACTCTTTCTCG,SK0V3
A06067H,0.287,TTCTCAACTCTTTCTC,SK0V3
A06067H,0.039,TTCTCAACTCTTTCTC,EFO21
A06068H,0.155,AGGCGCTGTGACTTGT,SK0V3
A06068H,0.005,AGGCGCTGTGACTTGT,EFO21
A06069H,0.163,AGTGTCCCGTTCTTGC,SK0V3
A06069H,0.023,AGTGTCCCGTTCTTGC,EFO21
A06070H,0.317,GATTGTCCAGGAGTTTT,SK0V3
A06070H,0.016,GATTGTCCAGGAGTTTT,EFO21
A06071H,0.263,CTCAACTCTTTCTCGAA,SK0V3
A06071H,0.0279999999999999,CTCAACTCTTTCTCGAA,EFO21
A06072H,0.153,CTCAACTCTTTCTCGAA,EFO21
A06072H,0.55,CTCAACTCTTTCTCGAA,SK0V3
NEG1,1.118,CGTTTAGGCTATGTACTT,SK0V3
NEG1,1.3,CGTTTAGGCTATGTACTT,EFO21
S6,0.8540000000000001,TCTATCGTGATGTTTCT,EFO21
S6,1.069,TCTATCGTGATGTTTCT,SK0V3
